,0,1,2
0,A case study comparing defect profiles of a reused framework and of applications reusing it,"0.5 - garbett1999a - 0
0.4939759036144578 - li2009a - 0
0.4864864864864865 - boldyreff1997a - 0
0.4805194805194805 - martins2006a - 0
0.4585987261146497 - betz2011a - 0",springer2015
1,A case study on software risk analysis and planning in medical device development,"0.5524861878453039 - dag2002a - 0
0.5394736842105263 - beijun2008a - 0
0.5303030303030303 - kasurinen2012a - 0
0.5100671140939598 - du2010a - 0
0.5 - kettunen2010a - 0",springer2015
2,A critical look at ISO 9000 for software quality management,"0.6355140186915887 - bubevski2016a - 0
0.6126126126126126 - bubevski2014a - 0
0.6111111111111112 - leung2007a - 0
0.5925925925925926 - wang2005c - 0
0.5882352941176471 - wong2002a - 0",springer2015
3,A flexible method for software effort estimation by analogy,"0.5945945945945946 - wilkie2007a - 0
0.5739130434782609 - yang2010a - 0
0.5671641791044776 - garousi2012a - 0
0.5663716814159292 - daskalaivtonakis1990a - 0
0.5490196078431373 - besseris2010a - 0",springer2015
4,A Guttman Scaling of CMM Level 2 Practices: Investigating the Implementation Sequences Underlying Software Engineering Maturity,"0.5326633165829145 - armstrong2016a - 0
0.5263157894736842 - krasner1995a - 0
0.5024154589371981 - kasoju2013a - 0
0.5 - galinac2009a - 0
0.4835164835164835 - wohlin2000b - 0",springer2015
5,A lightweight approach to software validation by comparing UML use cases with internal program documentation selected via call graphs,"0.4648648648648649 - bubevski2014a - 0
0.46153846153846156 - zettel2001a - 0
0.44285714285714284 - isoiec1998c - 0
0.4406779661016949 - seo2012a - 0
0.43243243243243246 - umarji2009a - 0",springer2015
6,A quality cost reduction model for large-scale software development,"0.72 - deshpande2012a - 0
0.6542056074766355 - beck2001a - 0
0.6266666666666667 - martini2013a - 0
0.6211180124223602 - pernstål2015a - 0
0.6153846153846154 - salo2007a - 0",springer2015
7,A quality driven extension to the QVT-relations transformation language,"0.5333333333333333 - prahalad1999a - 0
0.5079365079365079 - campanai1995a - 0
0.4722222222222222 - mandi?2017a - 0
0.47058823529411764 - counsell2001a - 0
0.4566929133858268 - accenture2004a - 0",springer2015
8,A research framework for building SPI proposals in small organizations: the COMPETISOFT experience,"0.5604395604395604 - pino2009b - 0
0.5142857142857142 - fernandes2005a - 1
0.5128205128205128 - gong2005a - 0
0.5106382978723404 - mughal2017a - 0
0.5093167701863354 - brodman1994a - 0",springer2015
9,A socio-technical approach to improving the systems development process,"0.631578947368421 - taxen2005a - 0
0.5774647887323944 - mendonça2000a - 0
0.5517241379310345 - ebert1999b - 0
0.5426356589147286 - munkvold2002a - 0
0.5396825396825397 - kroll2014a - 0",springer2015
10,A test case refactoring approach for pattern-based software development,"0.6101694915254238 - petersen2011a - 0
0.5970149253731343 - salo2007a - 0
0.5945945945945946 - beck2001a - 0
0.5899280575539568 - solingen2003a - 0
0.5862068965517241 - mandi?2010g - 0",springer2015
11,Adoption and use of cloud-based testing in practice,"0.6086956521739131 - taipale2007a - 0
0.5185185185185185 - serrano2013a - 0
0.49056603773584906 - felderer2014a - 1
0.4883720930232558 - yin2011a - 0
0.4854368932038835 - garousi2015a - 0",springer2015
12,An empirical study of variations in COTS-based software development processes in the Norwegian IT industry,"0.6179775280898876 - li2017a - 0
0.5777777777777777 - verner2014b - 0
0.5609756097560976 - ruan2007a - 0
0.5576923076923077 - zhang2008a - 0
0.5421686746987951 - salo2005a - 0",springer2015
13,An empirically based terminology and taxonomy for global software engineering,"0.6068965517241379 - leschera2012a - 0
0.6050420168067226 - jedlitschka2013a - 0
0.5547445255474452 - basili1984a - 0
0.5531914893617021 - seaman1999a - 0
0.5507246376811594 - saikkonen9999a - 0",springer2015
14,An Ethnographic Study of XP Practice,"0.5633802816901409 - angelis2008a - 0
0.5633802816901409 - angelis2008a - 0
0.5411764705882353 - esfahani2011b - 0
0.5063291139240507 - gorschek2006d - 0
0.49411764705882355 - martins2007a - 0",springer2015
15,An industrial case study in reconstructing requirements views,"0.5211267605633803 - letier2004a - 0
0.5170068027210885 - niazi2006a - 0
0.5 - hanssen2008a - 0
0.4935064935064935 - carmo2017a - 0
0.4935064935064935 - carmo2017a - 0",springer2015
16,An Industrial Case Study of Immediate Benefits of Requirements Engineering Process Improvement at the Australian Center for Unisys Software,"0.5590551181102362 - kabaale2015a - 0
0.5047619047619047 - beijun2008a - 0
0.502283105022831 - kauppinen2001a - 0
0.5021645021645021 - sommerville2005a - 0
0.4976958525345622 - cox2009a - 0",springer2015
17,An organizational maturity model of software product line engineering,"0.7777777777777778 - ahmed2011a - 1
0.6463414634146342 - tüzün2015a - 0
0.6447368421052632 - hanssen2008a - 0
0.5853658536585366 - monden2012a - 0
0.5833333333333334 - paulk1993a - 0",springer2015
18,An Overview of Process Technology Activities at the Software Engineering Institute,"0.6060606060606061 - sei2006a - 0
0.5853658536585366 - krasner1995a - 0
0.5588235294117647 - jaccheri2000a - 0
0.55 - scacchi2001a - 0
0.5432098765432098 - kasoju2013a - 0",springer2015
19,Automatic Verification of Static Policies on Software Process Models,"0.5689655172413793 - haikala1992a - 0
0.5619834710743802 - butler1995a - 0
0.5585585585585585 - wastell1999a - 0
0.5573770491803278 - ebert1999a - 0
0.5481481481481482 - sommerville1996a - 0",springer2015
20,Benchmarking k-nearest neighbour imputation with homogeneous Likert data,"0.45098039215686275 - boehm2000a - 0
0.45045045045045046 - boehm2000b - 0
0.45045045045045046 - boehm2000c - 0
0.4397163120567376 - kundu2016a - 0
0.42748091603053434 - chastek2011a - 0",springer2015
21,Can the case for CASE technology be advanced by Process Improvement?,"0.5909090909090909 - garmus2007a - 0
0.5769230769230769 - spice1997a - 0
0.569620253164557 - mcloughlin2010a - 0
0.5619834710743802 - ferguson1998a - 0
0.5619834710743802 - butler1995a - 0",springer2015
22,CASE planning and the software process,"0.7761194029850746 - humphrey1989a - 0
0.7647058823529411 - florac1999b - 0
0.7397260273972602 - humphrey1988a - 0
0.7380952380952381 - tully1989a - 0
0.7160493827160493 - wastell1999a - 0",springer2015
23,Challenges and practices in aligning requirements with verification and validation: a case study of six companies,"0.5586592178770949 - wojcicki2008a - 0
0.5136612021857924 - martins2016a - 0
0.5066666666666667 - napier2009a - 0
0.4816753926701571 - lorentz2009a - 0
0.4672897196261682 - gren2015a - 0",springer2015
24,COCOMO-Based Effort Estimation for Iterative and Incremental Software Development,"0.5972222222222222 - salo2007a - 0
0.5964912280701754 - krasteva2010a - 0
0.5785123966942148 - beck2001a - 0
0.573170731707317 - martini2013a - 0
0.5694444444444444 - heidrich2014a - 0",springer2015
25,Code clones and developer behavior: results of two surveys of the clone research community,"0.4946236559139785 - stelzer1996a - 0
0.4489795918367347 - krishnan2001a - 0
0.44594594594594594 - mulazzani2009c - 0
0.43478260869565216 - barzilay2014a - 0
0.4342857142857143 - cerdeiral2017a - 0",springer2015
26,Collecting Feedback during Software Engineering Experiments,"0.6545454545454545 - petersen2009b - 0
0.5961538461538461 - janes2014b - 0
0.5909090909090909 - cmmi2002a - 0
0.5882352941176471 - basili1984a - 0
0.5849056603773585 - cmmi2002c - 0",springer2015
27,Commitment Nets in Software Process Improvement,"0.7954545454545454 - jones1996a - 0
0.7916666666666666 - emam1997b - 0
0.7816091954022989 - fenton2001a - 0
0.78 - butler1995a - 0
0.7529411764705882 - conradi2002a - 0",springer2015
28,Comprehensive analysis of FBD test coverage criteria using mutants,"0.4881889763779528 - saetang2011a - 0
0.4852941176470588 - denger2006a - 0
0.48333333333333334 - nair2009a - 0
0.48 - montgomery1991a - 0
0.4666666666666667 - nguyen2003a - 0",springer2015
29,Continuous Software Process Improvement Requires Organisational Learning: An Australian Case Study,"0.6242774566473989 - caivano2005a - 0
0.6235294117647059 - gorschek2004a - 0
0.6082474226804123 - müller2010a - 0
0.6081871345029239 - lópez2012a - 0
0.6046511627906976 - hall2001a - 0",springer2015
30,Cooperative method development,"0.6 - cmmi2006a - 0
0.59375 - postema2002a - 0
0.5901639344262295 - jansson2011a - 0
0.5806451612903226 - takeuchi1986a - 0
0.5714285714285714 - beck2001a - 0",springer2015
31,Data collection in global software engineering research: learning from past experience,"0.5985401459854015 - petersen2009b - 0
0.5764705882352941 - feldmann2003a - 0
0.5616438356164384 - seppänen2000a - 0
0.5588235294117647 - mei2018a - 0
0.5421686746987951 - kauppinen2001a - 0",springer2015
32,DConfusion: a technique to allow cross study performance evaluation of fault prediction studies,"0.4787234042553192 - klendauer2012a - 0
0.44171779141104295 - mohapatra2001a - 0
0.4406779661016949 - counsell2001a - 0
0.43529411764705883 - ahmed2011a - 1
0.43478260869565216 - kathuria2007a - 0",springer2015
33,Decision models for information systems management,"0.627906976744186 - doerr2013a - 0
0.6105263157894737 - easterbrook1996a - 0
0.54 - gresse1995a - 0
0.5365853658536586 - ullah2014a - 0
0.5294117647058824 - rosemann2010a - 0",springer2015
34,Designing and Conducting an Empirical Study on Test Management Automation,"0.5454545454545454 - lin2009a - 0
0.5256410256410257 - runeson2009a - 1
0.5223880597014925 - kaplan1996c - 0
0.5222929936305732 - wang2007a - 0
0.5185185185185185 - angelis2008a - 0",springer2015
35,Developing a grounded theory to explain the practices of self-organizing Agile teams,"0.4881889763779528 - pfeffer1998a - 0
0.48704663212435234 - coleman2007a - 0
0.4774193548387097 - senge1990a - 0
0.47435897435897434 - monteiro2011a - 0
0.47435897435897434 - monteiro2010a - 0",springer2015
36,e-R&D – Effectively Managing Process Diversity,"0.6185567010309279 - ebert2003a - 0
0.5116279069767442 - el2010a - 0
0.5 - muñoz2014a - 0
0.5 - waina2000a - 0
0.4835164835164835 - satpathy2001a - 0",springer2015
37,Empirical evidence in global software engineering: a systematic review,"0.6666666666666666 - dybå2008a - 0
0.6607142857142857 - jedlitschka2013a - 0
0.5986394557823129 - bayona2012a - 0
0.5970149253731343 - sjøberg2007a - 0
0.5833333333333334 - sei2006a - 0",springer2015
38,Empirical Measurement of the Effects of Cultural Diversity on Software Quality Management,"0.5617977528089888 - dyba2005a - 0
0.5536723163841808 - nikula2010a - 0
0.5481481481481482 - kelemen2014a - 0
0.524822695035461 - bubevski2014a - 0
0.5232558139534884 - dybå2000a - 0",springer2015
39,Empirical Studies Applied to Software Process Models,"0.6909090909090909 - raffo2000a - 0
0.6851851851851852 - schalken2007a - 0
0.6796116504854369 - emam2000a - 0
0.6285714285714286 - pfleeger1996a - 0
0.6226415094339622 - mcfeeley1996a - 0",springer2015
40,Enhancing the OPEN Process Framework with service-oriented method fragments,"0.5333333333333333 - makinen2000a - 0
0.5 - hassanzadeh2011a - 0
0.5 - hinley1993b - 0
0.49032258064516127 - kasoju2013a - 0
0.4864864864864865 - reitbauer2008a - 0",springer2015
41,Examination of the software architecture change characterization scheme using three empirical studies,"0.4861878453038674 - verner2014a - 0
0.4791666666666667 - niazi2005a - 0
0.4772727272727273 - maglyas2013a - 0
0.4685714285714286 - hall2001a - 0
0.46835443037974683 - cansado9999a - 0",springer2015
42,Experimenting with software testbeds for evaluating new technologies,"0.5688073394495413 - finkelstein1994a - 0
0.544 - vegas2005a - 0
0.5344827586206896 - kilpl2001a - 0
0.5263157894736842 - wangenheim2006a - 0
0.5230769230769231 - wohlin2000a - 0",springer2015
43,Exploring the effects of SourceForge.net coordination and communication tools on the efficiency of open source projects using data envelopment analysis,"0.48132780082987553 - khan2016a - 0
0.44537815126050423 - obbink1995a - 0
0.4435146443514644 - cheng2014a - 0
0.424 - alshammari2013a - 0
0.41975308641975306 - oConnor2015a - 0",springer2015
44,Extending the IT service quality measurement framework through a systematic literature review,"0.6347305389221557 - lepmets2014b - 0
0.61 - walia2007a - 0
0.6048780487804878 - unterkalmsteiner2010a - 0
0.5714285714285714 - unterkalmsteiner2012a - 0
0.5647058823529412 - lane2011a - 0",springer2015
45,Formalisms to Support the Definition of Processes,"0.5625 - paulk2000a - 0
0.5147058823529411 - becker2008a - 0
0.5063291139240507 - florac1999b - 0
0.5054945054945055 - turner2007a - 0
0.4842105263157895 - drew1993a - 0",springer2015
46,Frameworks for quality software process: SEI Capability Maturity Model versus ISO 9000,"0.5897435897435898 - arent2000a - 0
0.5793103448275863 - paulk1993e - 0
0.5492957746478874 - ba2008a - 0
0.5454545454545454 - paulk1993d - 0
0.5419354838709678 - canfora2006a - 0",springer2015
47,From offshore outsourcing to insourcing and partnerships: four failed outsourcing attempts,"0.44155844155844154 - eckerson2005a - 0
0.41379310344827586 - mite2013a - 0
0.41379310344827586 - cugola1996a - 0
0.4120603015075377 - dagnino2001a - 0
0.41025641025641024 - betz2011a - 0",springer2015
48,Going soft on quality?:Process management in the Scottish software industry,"0.5850340136054422 - mcgarry1994a - 0
0.578125 - zalzala2010a - 0
0.5398773006134969 - shah2010a - 0
0.5343511450381679 - kucza2001a - 0
0.5342465753424658 - kautz2001c - 0",springer2015
49,Guiding requirements engineering for software-intensive embedded systems in the automotive industry,"0.524390243902439 - berkovich2012a - 0
0.507177033492823 - kauppinen2005a - 0
0.49740932642487046 - pernstål2015a - 0
0.48514851485148514 - jaufman2004a - 0
0.4785276073619632 - gorschek2006b - 0",springer2015
50,Handover of managerial responsibilities in global software development: a case study of source code evolution and quality,"0.5816326530612245 - martínez2013a - 0
0.5230769230769231 - verner2014b - 0
0.5050505050505051 - marcus2005a - 0
0.4956521739130435 - aurum2008a - 0
0.49327354260089684 - zhang2008a - 0",springer2015
51,Harmonization of ISO/IEC 9001:2000 and CMMI-DEV: from a theoretical comparison to a real case application,"0.450261780104712 - jönsson2005b - 0
0.44565217391304346 - bukowski1995a - 0
0.42592592592592593 - eito2014a - 1
0.4245810055865922 - stålhane1998a - 0
0.42452830188679247 - delgado2012a - 0",springer2015
52,How to get mature global virtual teams: a framework to improve team process management in distributed software teams,"0.5021645021645021 - kabaale2015a - 0
0.4895833333333333 - fontana2015a - 0
0.45595854922279794 - fernandes2005a - 1
0.44982698961937717 - yuen2014a - 0
0.4484304932735426 - muñoz2016a - 0",springer2015
53,Improving reliability of large software systems,"0.6436781609195402 - punter2002a - 0
0.5555555555555556 - cantor2011a - 0
0.5411764705882353 - conradi2002a - 0
0.5303030303030303 - sidky2007b - 0
0.5227272727272727 - vertage1994a - 0",springer2015
54,Industrial Requirements for Distributed SCM Tool,"0.5591397849462365 - team2007a - 0
0.5306122448979592 - li2008a - 0
0.5098039215686274 - rahikkala1998a - 0
0.5 - katz2004a - 0
0.5 - cederling1993a - 0",springer2015
55,Information systems fitness and risk in IS development: Insights and implications from chaos and complex systems theories,"0.5151515151515151 - avison1991a - 0
0.5 - avison1991b - 0
0.4766355140186916 - mulazzani2009a - 0
0.4701492537313433 - jokela2004a - 0
0.4608695652173913 - aurum2008a - 0",springer2015
56,Integrating agile software development into stage-gate managed product development,"0.6413043478260869 - kettunen2009b - 0
0.6333333333333333 - salo2005b - 0
0.6181818181818182 - jürisoo2017a - 0
0.6181818181818182 - jürisoo2017a - 0
0.5714285714285714 - karlström2005b - 0",springer2015
57,Integrating Process Support and Knowledge Management for Virtual Software Development Teams,"0.5862068965517241 - cater2004a - 0
0.5850340136054422 - kucza2001a - 0
0.58 - aurum2008a - 0
0.5783132530120482 - martínez2013a - 0
0.5771812080536913 - deshpande2012a - 0",springer2015
58,Integrating risk-based testing in industrial test processes,"0.625 - bandinelli1995a - 0
0.5964912280701754 - felderer2014a - 1
0.5666666666666667 - latum1998a - 0
0.5333333333333333 - tully1989a - 0
0.5294117647058824 - dadhich2012a - 0",springer2015
59,Introducing the personal software process,"0.75 - paulk2000a - 0
0.7142857142857143 - humphrey1989a - 0
0.704225352112676 - florac1999b - 0
0.6578947368421053 - humphrey1988a - 0
0.6301369863013698 - oregan2002b - 0",springer2015
60,Introduction of modern software technology. A case from Swedish industry,"0.5354330708661418 - wohlin2000b - 0
0.525 - nikula2010a - 0
0.5095541401273885 - graham2009a - 0
0.5064935064935064 - wallace2014a - 0
0.5 - oregan2002b - 0",springer2015
61,Investigating the effect of variations in the test development process: a case from a safety-critical system,"0.5568181818181818 - karinsalo2004a - 0
0.5454545454545454 - nilsson2015a - 1
0.5125628140703518 - ardila2013b - 0
0.5043478260869565 - schrama2013a - 0
0.5024630541871922 - jönsson2005c - 0",springer2015
62,Investigating the extreme programming system–An empirical study,"0.5619834710743802 - martinez2011a - 0
0.5585585585585585 - roggio2000a - 0
0.5546218487394958 - staron2011a - 0
0.5370370370370371 - beck2004a - 0
0.5370370370370371 - beck1999a - 0",springer2015
63,Kernel methods for software effort estimation,"0.6304347826086957 - lindvall2003a - 0
0.5979381443298969 - wilkie2007a - 0
0.5909090909090909 - besseris2010a - 0
0.5909090909090909 - wong2002a - 0
0.5656565656565656 - guinea2013a - 0",springer2015
64,Metrics for BPEL process context-independency analysis,"0.5319148936170213 - fenton2001a - 0
0.5 - vanut2010a - 0
0.5 - dawson2003a - 1
0.49523809523809526 - jönsson2007a - 0
0.49206349206349204 - mandi?2010a - 0",springer2015
65,MND-SCEMP: an empirical study of a software cost estimation modeling process in the defense domain,"0.5595238095238095 - lin2009a - 0
0.5263157894736842 - sommerville2005a - 0
0.5256410256410257 - raffo2000a - 0
0.5100671140939598 - emam2000a - 0
0.5054945054945055 - wang2007a - 0",springer2015
66,Motivating developer performance to improve project outcomes in a high maturity organization,"0.5277777777777778 - hunter2001a - 0
0.5154639175257731 - kautz2004a - 0
0.5029940119760479 - linberg1999a - 0
0.48951048951048953 - austin1996a - 0
0.48863636363636365 - brenda2013a - 0",springer2015
67,On rapid releases and software testing: a case study and a semi-systematic literature review,"0.5714285714285714 - vasconcellos2017a - 0
0.5714285714285714 - vasconcellos2017a - 0
0.5562130177514792 - lane2011a - 0
0.5502645502645502 - rocha2013a - 0
0.5414364640883977 - unterkalmsteiner2012a - 0",springer2015
68,On the value of outlier elimination on software effort estimation research,"0.535031847133758 - jürisoo2017a - 0
0.535031847133758 - jürisoo2017a - 0
0.5263157894736842 - trendowicz2014b - 0
0.5228758169934641 - baca2013a - 0
0.5217391304347826 - sjøberg2007a - 0",springer2015
69,Operational definition and automated inference of test-driven development with Zorro,"0.5419354838709678 - little2004a - 0
0.4788732394366197 - munkvold2002a - 0
0.46357615894039733 - fagan1976a - 0
0.46357615894039733 - fagan1976b - 0
0.46258503401360546 - gamalielsson2011a - 0",springer2015
70,Pair-wise comparisons versus planning game partitioning—experiments on requirements prioritisation techniques,"0.49056603773584906 - thakurta2015a - 0
0.46632124352331605 - thakurta2016a - 0
0.4607329842931937 - babar2008b - 0
0.4574468085106383 - machado2012a - 0
0.455026455026455 - dieste2011a - 0",springer2015
71,Perspective-Based Reading: A Replicated Experiment Focused on Individual Reviewer Effectiveness,"0.4489795918367347 - alves2014a - 0
0.44651162790697674 - trienekens2004a - 0
0.4260355029585799 - santos2011a - 0
0.4246575342465753 - kerth2001a - 0
0.4230769230769231 - latum1998a - 0",springer2015
72,Practical experiences in modelling software engineering practices: The project patterns approach,"0.56353591160221 - egorova2010a - 0
0.5466666666666666 - gilb1988a - 0
0.5342465753424658 - sei2006a - 0
0.5306122448979592 - petersen2009b - 0
0.524390243902439 - zhang2008b - 0",springer2015
73,Predicting defective modules in different test phases,"0.4842105263157895 - gummesson1991a - 0
0.4827586206896552 - deng2007a - 0
0.4628099173553719 - umarji2009b - 0
0.46153846153846156 - riel2010a - 0
0.46 - ghose2007a - 0",springer2015
74,Process excellence and capability determination,"0.7142857142857143 - isoies1997a - 0
0.5797101449275363 - emam1997a - 0
0.5057471264367817 - bamberger1997a - 0
0.49411764705882355 - cmmi2009a - 0
0.49056603773584906 - paulk1993e - 0",springer2015
75,Process Management in Practice Applying the FUNSOFT Net Approach to Large-Scale Processes,"0.5333333333333333 - tully1989a - 0
0.5119047619047619 - kerzner1995a - 0
0.5 - ebert1998a - 0
0.496551724137931 - kucza2001a - 0
0.4936708860759494 - hinley1993a - 0",springer2015
76,Process Metamodelling and Process Construction: Examples Using the OPEN Process Framework (OPF),"0.5106382978723404 - tully1989a - 0
0.4888888888888889 - waina2001b - 0
0.4713375796178344 - mcfall2003a - 0
0.45121951219512196 - hinley1993a - 0
0.450261780104712 - jeners2015a - 0",springer2015
77,Process Modelling and Empirical Studies of Software Evolution (PMESSE'97) Workshop Report,"0.5490196078431373 - seaman1999a - 0
0.535031847133758 - dybå2008a - 0
0.5142857142857142 - emam2000a - 0
0.4900662251655629 - humphrey1989c - 0
0.4881889763779528 - scacchi2001a - 0",springer2015
78,Quality and process management: a view from the UK computing services industry,"0.549618320610687 - zalzala2010a - 0
0.5333333333333333 - rasidi2008a - 0
0.5217391304347826 - lepmets2011a - 0
0.5211267605633803 - lohrmann2013a - 0
0.5109489051094891 - keeni2000a - 0",springer2015
79,"Quality, productivity and economic benefits of software reuse: a review of industrial studies","0.5342465753424658 - butler1995a - 0
0.5086705202312138 - baddoo2001a - 0
0.5 - ellis2013b - 0
0.4935064935064935 - deming1986a - 0
0.49333333333333335 - krishnan2001a - 0",springer2015
80,Quantifying the impact of requirements definition and management process maturity on project outcome in large business application development,"0.51 - rombach2014a - 0
0.4818181818181818 - ali2010a - 0
0.4818181818181818 - ali2010a - 0
0.4774774774774775 - kauppinen2001a - 0
0.4765625 - khdair2009a - 0",springer2015
81,Refining the systematic literature review process—two participant-observer case studies,"0.5542168674698795 - keele2007a - 0
0.5176470588235295 - lavazza2015a - 0
0.5070422535211268 - aversano2012a - 0
0.5 - wohlin2012b - 0
0.4945054945054945 - jönsson2005c - 0",springer2015
82,Reporting experiments to satisfy professionals’ information needs,"0.5277777777777778 - karjoth2015a - 0
0.5208333333333334 - wohlin2012i - 0
0.4806201550387597 - cignoni1999a - 0
0.4672897196261682 - caffery2005a - 0
0.46153846153846156 - rosemann2010a - 0",springer2015
83,Requirements and constructors for tailoring software processes: a systematic literature review,"0.6557377049180327 - unterkalmsteiner2012a - 0
0.6282722513089005 - vasconcellos2017a - 0
0.6282722513089005 - vasconcellos2017a - 0
0.6081871345029239 - bayona2012a - 0
0.5922330097087378 - unterkalmsteiner2010a - 0",springer2015
84,Requirements Engineering and Downstream Software Development: Findings from a Case Study,"0.6176470588235294 - cederling1993a - 0
0.6 - gorschek2008a - 0
0.5935483870967742 - ullah2013b - 0
0.588957055214724 - martínez2013a - 0
0.5483870967741935 - salo2005b - 0",springer2015
85,Risk management capability model for the development of medical device software,"0.593103448275862 - el2013a - 0
0.593103448275862 - el2011a - 0
0.5714285714285714 - heller2003a - 0
0.5369127516778524 - gou2009a - 0
0.5357142857142857 - bahli2004a - 0",springer2015
86,Risk orientation in software testing processes of small and medium enterprises: an exploratory and comparative study,"0.5533980582524272 - mughal2017a - 0
0.541871921182266 - suganya2016a - 0
0.5277777777777778 - sulayman2012a - 0
0.5130890052356021 - mishra2008a - 0
0.5128205128205128 - sánchez2016a - 0",springer2015
87,Rules and Tools for Software Evolution Planning and Management,"0.603448275862069 - gilb1988a - 0
0.5576923076923077 - unch2012a - 0
0.5405405405405406 - wang2005c - 0
0.5401459854014599 - garousi2012a - 0
0.5357142857142857 - gresse1995a - 0",springer2015
88,"Serendipity: Integrated Environment Support for Process Modelling, Enactment and Work Coordination","0.5054945054945055 - pino2009b - 0
0.49246231155778897 - angles2013a - 0
0.48863636363636365 - pan2007a - 0
0.484472049689441 - ruiz2002a - 0
0.48314606741573035 - florac1997a - 0",springer2015
89,Slow Change of Information System Development Practice,"0.6607142857142857 - munkvold2002a - 0
0.6371681415929203 - avison1991b - 0
0.6226415094339622 - buse2012a - 0
0.6086956521739131 - brinkkemper1996a - 0
0.6016260162601627 - thompson1993a - 0",springer2015
90,Software Evolution and Software Evolution Processes,"0.6902654867256637 - gantner2002a - 0
0.66 - isoiec2007a - 0
0.6285714285714286 - jaccheri2000a - 0
0.6078431372549019 - bandinelli1993a - 0
0.6 - rombach1995a - 0",springer2015
91,Software process improvement in small and medium software enterprises: a systematic review,"0.7225806451612903 - zarour2011a - 0
0.7218934911242604 - sánchez2016a - 0
0.7151515151515152 - mishra2008a - 0
0.6712328767123288 - mishra2009a - 0
0.6666666666666666 - suganya2016a - 0",springer2015
92,Software SMEs’ unofficial readiness for CMMI®-based software process improvement,"0.6538461538461539 - dagnino2014b - 0
0.6417910447761194 - ebert1999a - 0
0.6363636363636364 - kandt2003a - 0
0.6333333333333333 - fenton2001a - 0
0.627906976744186 - florac1999a - 0",springer2015
93,Standardized code quality benchmarking for improving software maintainability,"0.5234899328859061 - zhai2008a - 0
0.5217391304347826 - guzmán9999a - 0
0.5153374233128835 - dawson2003a - 1
0.5098039215686274 - paulk1995a - 0
0.5035971223021583 - sharma2015a - 0",springer2015
94,Strengths and barriers behind the successful agile deployment—insights from the three software intensive companies in Finland,"0.45685279187817257 - cedergren2014a - 0
0.45685279187817257 - gandomani2013a - 0
0.44565217391304346 - anacleto2004a - 0
0.4423076923076923 - jan2012a - 0
0.44019138755980863 - anacleto2004b - 0",springer2015
95,Studying Software Engineers: Data Collection Techniques for Software Field Studies,"0.5238095238095238 - laitenberger2002a - 0
0.5207100591715976 - jeners2013a - 0
0.52 - runeson2012a - 0
0.49696969696969695 - schmid2003a - 0
0.48854961832061067 - isoiec2007a - 0",springer2015
96,Supporting multiple perspectives in feature-based configuration,"0.5046728971962616 - fernandes2004a - 0
0.496 - muñoz2014a - 0
0.48854961832061067 - münch2013e - 0
0.4794520547945205 - finkelstein1992a - 0
0.47706422018348627 - guerrero2004a - 0",springer2015
97,Supporting Semantic Diversity in the Relational Data Model: The Case of Multi-Face Attributes,"0.48677248677248675 - jeners2015a - 0
0.4583333333333333 - kuppusamy2008a - 0
0.4385026737967914 - choi2014b - 0
0.4365482233502538 - teixeira2013a - 0
0.43529411764705883 - dadhich2012a - 0",springer2015
98,Test case prioritization: a systematic mapping study,"0.75 - novais2013a - 0
0.6386554621848739 - wendler2012a - 0
0.6060606060606061 - brito2016a - 0
0.5230769230769231 - lorentz2009a - 0
0.512396694214876 - paternoster2014a - 0",springer2015
99,The effectiveness of test-driven development: an industrial case study,"0.6013071895424836 - jan2012a - 0
0.5873015873015873 - staron2011a - 0
0.5864661654135338 - gamalielsson2011a - 0
0.5784313725490197 - petersen2010a - 1
0.5735294117647058 - ali2012a - 0",springer2015
100,The impact of agile practices on communication in software development,"0.6212121212121212 - kamel2009a - 0
0.6125 - krasteva2010a - 0
0.5988023952095808 - galinac2009a - 0
0.5945945945945946 - dingsøyr2012a - 0
0.59375 - ruan2007a - 0",springer2015
101,The Internal Consistencies of the 1987 SEI Maturity Questionnaire and the SPICE Capability Dimension,"0.6105263157894737 - lester2007a - 0
0.5263157894736842 - biffl2000a - 0
0.4558139534883721 - rensburg2012a - 0
0.44776119402985076 - andersen2011a - 0
0.43956043956043955 - guest2006a - 0",springer2015
102,"The kanban approach, between agility and leanness: a systematic review","0.5084745762711864 - lago2002a - 0
0.4864864864864865 - rensburg2012a - 0
0.4782608695652174 - dybå2008a - 0
0.4722222222222222 - silva2015a - 0
0.46258503401360546 - lane2011a - 0",springer2015
103,The role of distances in requirements communication: a case study,"0.5663716814159292 - acharya2005a - 0
0.5565217391304348 - thakurta2015a - 0
0.547945205479452 - goldin2015a - 1
0.543859649122807 - zyl2009a - 0
0.5255474452554745 - olsina2011b - 0",springer2015
104,The search for a research method for studying OSS process innovation,"0.55 - rosemann2010a - 0
0.5190839694656488 - cmusei2011a - 0
0.5042016806722689 - madhavji1994a - 0
0.5035971223021583 - serrano2004a - 0
0.4918032786885246 - mcfeeley1996a - 0",springer2015
105,The use of an enterprise ontology to support knowledge management in software development environments,"0.5822784810126582 - kucza2001a - 0
0.5614035087719298 - júnior2010a - 0
0.5575757575757576 - heidrich2014a - 0
0.538860103626943 - ardila2013b - 0
0.5380116959064327 - heidrich9999a - 0",springer2015
106,The value of a certified quality management system: the perception of internal developers,"0.5644171779141104 - trade1992a - 0
0.5571428571428572 - keeni2001a - 0
0.5443037974683544 - heidrich9999a - 0
0.5392156862745098 - calik2012a - 0
0.5263157894736842 - heidrich2014a - 0",springer2015
107,"Theories, tools and research methods in program comprehension: past, present and future","0.5786163522012578 - holz2004a - 0
0.49673202614379086 - kathuria2007a - 0
0.45569620253164556 - argyris1991a - 0
0.4503311258278146 - sjøberg2007a - 0
0.4472049689440994 - verner2014b - 0",springer2015
108,"Three Process Perspectives: Organizations, Teams, and People","0.5535714285714286 - hunter2001a - 0
0.5436893203883495 - münch2012c - 0
0.5413533834586466 - lópez2012a - 0
0.5323741007194245 - zaijun2005a - 0
0.5298013245033113 - ferreira2011a - 0",springer2015
109,Typology of database quality factors,"0.5057471264367817 - keeni2001a - 0
0.49230769230769234 - emam2005a - 0
0.4810126582278481 - schockert2017a - 0
0.4810126582278481 - wong2002a - 0
0.47191011235955055 - hongying2011a - 0",springer2015
110,Understanding cost drivers of software evolution: a quantitative and qualitative investigation of change effort in two evolving software systems,"0.48360655737704916 - malik2010a - 0
0.48068669527896996 - iversen1998a - 0
0.47257383966244726 - morisio2009a - 0
0.47257383966244726 - morisio2009a - 0
0.45662100456621 - houston1996a - 0",springer2015
111,Understanding the gap between software process practices and actual practice in very small companies,"0.5575757575757576 - wangenheim2006a - 0
0.5549132947976878 - coleman2008a - 0
0.5544554455445545 - kautz2004a - 0
0.5490196078431373 - richardson2001a - 0
0.5405405405405406 - martínez2013b - 0",springer2015
112,Using text clustering to predict defect resolution time: a conceptual replication and an evaluation of prediction accuracy,"0.43243243243243246 - unterkalmsteiner2011a - 0
0.42857142857142855 - lavazza2015b - 0
0.4180327868852459 - ngwenyama2003a - 0
0.41732283464566927 - aguirre2014a - 0
0.4134078212290503 - cansado9999a - 0",springer2015
113,Value Creation in a Network: The Role of Pricing and Revenue Optimization and Enterprise Profit OptimizationTM,"0.47513812154696133 - little2004a - 0
0.4639175257731959 - thakurta2016a - 0
0.4563106796116505 - lester2010a - 0
0.4472049689440994 - kasurinen2012a - 0
0.44324324324324327 - kettunen2010a - 0",springer2015
114,Virtual Software Engineering Laboratories in Support of Trade-off Analyses,"0.5873015873015873 - garousi2015a - 0
0.55 - boehm2003a - 0
0.5483870967741935 - shen2008a - 0
0.5354330708661418 - boehm2006a - 0
0.5354330708661418 - boehm2005a - 0",springer2015
115,Virtual software team project management,"0.7341772151898734 - thayer2005a - 0
0.6808510638297872 - gilb1988a - 0
0.676056338028169 - lientz1980a - 0
0.6097560975609756 - unch2012a - 0
0.6078431372549019 - bekkers2012a - 0",springer2015
116,Waste identification and elimination in information technology organizations,"0.6024096385542169 - oecd2004a - 0
0.5949367088607594 - thorp2003a - 0
0.5555555555555556 - ullah2013a - 0
0.5354330708661418 - austin1996a - 0
0.5306122448979592 - bianchi2001a - 0",springer2015
117,A combination of the Mk-II function points software estimation method with the ADISSA methodology for systems analysis and design,"0.4722222222222222 - suganya2016a - 0
0.4700854700854701 - marew2009a - 1
0.4411764705882353 - mishra2008a - 0
0.4388185654008439 - hauge2010b - 0
0.4367816091954023 - serrano2003a - 0",sciencedirect2015
118,A framework for software process deployment and evaluation,"0.7524752475247525 - wong2002a - 0
0.7238095238095238 - eljabiri2001a - 0
0.7205882352941176 - pan2007a - 0
0.6727272727272727 - visconti2002a - 0
0.6440677966101694 - debou1995a - 0",sciencedirect2015
119,A general theory of software engineering: Balancing human,"0.76 - wohlin2015a - 1
0.6728971962616822 - mei2018a - 0
0.6666666666666666 - wirth2008a - 0
0.6422018348623854 - garousi2015a - 1
0.5957446808510638 - humphrey1995a - 0",sciencedirect2015
120,A process capability based assessment model for software workforce in emergent software organizations,"0.5810055865921788 - pino2010a - 1
0.5549132947976878 - gandomani2013a - 0
0.5454545454545454 - gong2005a - 0
0.5444444444444444 - liu2006b - 0
0.541871921182266 - zhang2008a - 0",sciencedirect2015
121,A Process Framework for Global Software Engineering Teams,"0.6736842105263158 - scacchi2001a - 0
0.6612903225806451 - daramola2010a - 0
0.6324786324786325 - basili1984a - 0
0.627906976744186 - cmmi2002a - 0
0.6271186440677966 - basili1984b - 0",sciencedirect2015
122,A rapid review method for extremely large corpora of literature: Applications to the domains of modelling,"0.8823529411764706 - jahangirian2011a - 0
0.475 - campanai1995a - 0
0.4678362573099415 - aydin2002a - 0
0.46236559139784944 - vieira2014a - 0
0.4585987261146497 - türetken2007a - 0",sciencedirect2015
123,A survey of software testing practices in Canada,"0.78 - garousi2015a - 1
0.6966292134831461 - taipale2007a - 0
0.673469387755102 - mei2018a - 0
0.6521739130434783 - laitenberger2002a - 0
0.6015037593984962 - egorova2010a - 1",sciencedirect2015
124,A systematic review and an expert survey on capabilities supporting multi product lines,"0.5034013605442177 - turgeon1996a - 0
0.5029940119760479 - dieste2011a - 0
0.4666666666666667 - tahir2016a - 0
0.4634146341463415 - avison1991a - 0
0.4523809523809524 - lim2012a - 1",sciencedirect2015
125,A systematic review of domain analysis solutions for product lines,"0.6382978723404256 - staples2008a - 0
0.5970149253731343 - ullah2013a - 0
0.5230769230769231 - karg2011a - 0
0.5210084033613446 - jayatilleke2017a - 0
0.5081967213114754 - mellado2010a - 1",sciencedirect2015
126,A systematic review of domain analysis tools,"0.6391752577319587 - jayatilleke2017a - 0
0.5740740740740741 - karg2011a - 0
0.5714285714285714 - ullah2013a - 0
0.5546218487394958 - staples2008a - 0
0.5544554455445545 - bacon2001a - 0",sciencedirect2015
127,Aligning Business Processes and Work Practices,"0.6206896551724138 - aversano2016a - 0
0.6046511627906976 - el2010a - 0
0.5871559633027523 - warboys2000a - 0
0.5853658536585366 - hammer2010a - 0
0.5783132530120482 - rosa2015a - 0",sciencedirect2015
128,An approach for concurrent evaluation of technical and social aspects of software development methodologies,"0.5583756345177665 - krasteva2010a - 0
0.5405405405405406 - rensburg2012a - 0
0.5142857142857142 - pfahl2000b - 0
0.5086705202312138 - kim2016a - 0
0.5031446540880503 - buse2012a - 0",sciencedirect2015
129,An empirical analysis of customer satisfaction for Intranet marketing systems,"0.5481481481481482 - raffo2000a - 0
0.5190839694656488 - kowalczyk2013a - 0
0.5190839694656488 - kowalczyk2011a - 0
0.5057471264367817 - peng2007a - 0
0.5 - karjoth2015a - 0",sciencedirect2015
130,An exploratory study of why organizations do not adopt CMMI,"0.5074626865671642 - staples2008a - 0
0.4909090909090909 - kasurinen2012a - 0
0.49019607843137253 - pfeffer1998a - 0
0.48854961832061067 - holz2004a - 0
0.4782608695652174 - zaijun2005a - 0",sciencedirect2015
131,An industry/university collaboration to upgrade software engineering knowledge and skills in industry,"0.542713567839196 - petersen2014a - 0
0.5228758169934641 - garousi2015a - 1
0.5106382978723404 - oliver2003a - 0
0.5031446540880503 - dybå2003a - 0
0.4975124378109453 - dagnino2014a - 0",sciencedirect2015
132,An intelligent information agent for document title classification and filtering in document-intensive domains,"0.46153846153846156 - chillarege1992a - 0
0.4411764705882353 - pernstål2015a - 1
0.4406779661016949 - frank2003a - 0
0.4375 - janssen2008a - 0
0.43478260869565216 - petersen2015a - 0",sciencedirect2015
133,Analysis of Agile Testing Attributes for Faster Time to Market: Context of Manufacturing Sector Related IT Projects,"0.47953216374269003 - soares2012a - 0
0.46236559139784944 - ponisio2011a - 0
0.4409448818897638 - wilkie2005a - 0
0.44 - rahrovani2014a - 0
0.4385026737967914 - bent2006a - 0",sciencedirect2015
134,Analysis of Software Testing System in Civil Aviation Field,"0.5641025641025641 - raffo2000a - 0
0.5523809523809524 - kojima2008a - 0
0.5409836065573771 - valle2017a - 0
0.54 - taipale2007a - 0
0.5321100917431193 - mei2018a - 0",sciencedirect2015
135,Bridging theory and practice in e-government: A set of guidelines for architectural design,"0.48322147651006714 - buglione2013a - 0
0.4720496894409938 - senge1990a - 0
0.47058823529411764 - chrissis2011a - 0
0.46408839779005523 - emam1997a - 0
0.4539877300613497 - coleman2008a - 1",sciencedirect2015
136,Characterizing software architecture changes: A systematic review,"0.6056338028169014 - bayona2012a - 0
0.58 - humphrey1988a - 0
0.556390977443609 - dybå2008a - 1
0.5432098765432098 - vasconcellos2017a - 0
0.5432098765432098 - vasconcellos2017a - 0",sciencedirect2015
137,Coding-error based defects in enterprise resource planning software: Prevention,"0.5161290322580645 - zhang2008d - 0
0.5161290322580645 - zhang2008d - 0
0.5161290322580645 - zhang2005a - 0
0.5128205128205128 - ramil2001a - 0
0.5106382978723404 - martins2010a - 0",sciencedirect2015
138,Continuous software engineering: A roadmap and agenda,"0.6981132075471698 - boehm2006a - 0
0.6981132075471698 - boehm2005a - 0
0.6521739130434783 - thayer2005a - 0
0.6355140186915887 - gilb1988a - 0
0.6153846153846154 - petersen2009b - 0",sciencedirect2015
139,De-motivators for software process improvement: an analysis of practitioners’ views,"0.6375 - bayona2012a - 0
0.6341463414634146 - ngwenyama2003a - 0
0.6257668711656442 - baddoo2001a - 0
0.6193548387096774 - tuan2006a - 0
0.6187050359712231 - mishra2009a - 0",sciencedirect2015
140,Determinants of software quality: A survey of information systems project managers,"0.5588235294117647 - gilb1988a - 0
0.5534591194968553 - psmsc2002a - 0
0.543046357615894 - thompson1993a - 1
0.5411764705882353 - cheng2014a - 0
0.535031847133758 - houston1996a - 0",sciencedirect2015
141,Does the technology acceptance model predict actual use? A systematic literature review,"0.5853658536585366 - lane2011a - 1
0.5652173913043478 - vasconcellos2017a - 0
0.5652173913043478 - vasconcellos2017a - 0
0.5543478260869565 - rocha2013a - 0
0.5257731958762887 - walia2007a - 0",sciencedirect2015
142,Empirical evaluations on the cost-effectiveness of state-based testing: An industrial case study,"0.5645933014354066 - amannejad2014a - 0
0.5348837209302325 - kim2003a - 0
0.5306122448979592 - mandi?2012b - 0
0.5306122448979592 - mandi?2012b - 0
0.5 - basili1996a - 0",sciencedirect2015
143,Empirical prediction models for adaptive resource provisioning in the cloud,"0.5411764705882353 - tüzün2015a - 1
0.5373134328358209 - chastek2011a - 0
0.5038167938931297 - schalken2007a - 0
0.47560975609756095 - dyba2005a - 0
0.4732824427480916 - basili1996a - 0",sciencedirect2015
144,Empirical study of the effects of open source adoption on software development economics,"0.6301369863013698 - ruan2007a - 0
0.6025641025641025 - dybå2008a - 1
0.5875706214689266 - dyba2005a - 0
0.5666666666666667 - oConnor2015a - 0
0.550561797752809 - colomo2012a - 0",sciencedirect2015
145,Establishing and maintaining trust in software outsourcing relationships: An empirical investigation,"0.5531914893617021 - walia2009b - 0
0.5398773006134969 - egorova2009a - 0
0.5232558139534884 - pareto2012b - 0
0.5174129353233831 - kim2014a - 0
0.5028571428571429 - maglyas2013a - 1",sciencedirect2015
146,Evaluation of Complexity Management Systems – Systematical and Maturity-based Approach,"0.5454545454545454 - stallinger2013a - 0
0.5255474452554745 - keeni2001a - 0
0.5095541401273885 - orta2014a - 1
0.5030674846625767 - isoiec2008a - 0
0.4939759036144578 - stasytyte2015b - 0",sciencedirect2015
147,Experiences using systematic review guidelines,"0.4935064935064935 - wohlin2012i - 0
0.4915254237288136 - komuro2006a - 0
0.49122807017543857 - dybå2008a - 1
0.49019607843137253 - mellado2010a - 1
0.48484848484848486 - jayatilleke2017a - 0",sciencedirect2015
148,Factors influencing clients in the selection of offshore software outsourcing vendors: An exploratory study using a systematic literature review,"0.5795918367346938 - hauge2010a - 1
0.5311203319502075 - rocha2013a - 0
0.5145228215767634 - vasconcellos2017a - 0
0.5145228215767634 - vasconcellos2017a - 0
0.4978540772532189 - unterkalmsteiner2012a - 0",sciencedirect2015
149,FAMILIAR: A domain-specific language for large scale management of feature models,"0.48520710059171596 - martinsons1999a - 0
0.475 - vezzetti2014a - 0
0.4581005586592179 - cahyaningsih2014a - 0
0.4581005586592179 - solingen1999a - 0
0.45588235294117646 - griss1999a - 0",sciencedirect2015
150,Has Europe learnt enough?,"0.4642857142857143 - lawler2003a - 0
0.42857142857142855 - berry2006a - 0
0.4262295081967213 - hammer2010a - 0
0.4186046511627907 - asokan2008a - 0
0.4166666666666667 - jørgensen2014a - 0",sciencedirect2015
151,Identification of factors that influence defect injection and detection in development of software intensive products,"0.6243386243386243 - cedergren2014a - 0
0.5217391304347826 - clarke2012b - 1
0.4834123222748815 - pernstål2015a - 1
0.463768115942029 - oecd2004a - 0
0.46226415094339623 - texel2015a - 0",sciencedirect2015
152,Identification of variables that impact project success in Brazilian companies,"0.5116279069767442 - pereira2008a - 1
0.5093167701863354 - lavazza2015a - 0
0.5 - lavazza2015b - 0
0.48951048951048953 - wangenheim2006a - 0
0.48717948717948717 - zahran2010a - 0",sciencedirect2015
153,Identifying high perceived value practices of CMMI level 2: An empirical study,"0.5441176470588235 - martinez2011a - 0
0.5263157894736842 - hall2001a - 0
0.5121951219512195 - niazi2006a - 0
0.5063291139240507 - baddoo2001a - 0
0.5030674846625767 - sidky2007b - 0",sciencedirect2015
154,Impact of effort estimates on software project work,"0.5614035087719298 - gopal2005a - 0
0.5384615384615384 - chauveau2002a - 0
0.5333333333333333 - monden2012a - 0
0.5283018867924528 - campanai1995a - 0
0.5263157894736842 - suscheck2010a - 0",sciencedirect2015
155,Implementing an IT service information management framework: The case of COTEMAR,"0.5277777777777778 - jahn2014a - 0
0.5194805194805194 - lepmets2014b - 0
0.5165562913907285 - orta2014a - 1
0.5161290322580645 - liberato2015a - 0
0.48484848484848486 - burzcuk2002a - 0",sciencedirect2015
156,Improved software quality through improved development process descriptions,"0.5481481481481482 - salo2005a - 0
0.5481481481481482 - basili1995b - 0
0.5454545454545454 - karinsalo2004a - 0
0.544 - redzic2006a - 0
0.5410628019323671 - subramanian2007a - 1",sciencedirect2015
157,Improving the efficiency of use of software engineering practices using product patterns,"0.6382978723404256 - dagnino2014a - 0
0.6285714285714286 - garousi2015a - 1
0.5774647887323944 - gilb1988a - 0
0.5507246376811594 - mei2018a - 0
0.5317919075144508 - egorova2010a - 1",sciencedirect2015
158,Integrated Knowledge Management Strategy: A Preliminary Literature Review,"0.631578947368421 - cahyaningsih2014a - 0
0.5271317829457365 - kucza2001a - 0
0.5185185185185185 - unterkalmsteiner2012a - 0
0.5058823529411764 - rocha2013a - 0
0.5040650406504065 - müller2012a - 0",sciencedirect2015
159,Integrating IT service management requirements into the organizational management system,"0.5617977528089888 - bleistein2005a - 0
0.5531914893617021 - jayatilleke2017a - 0
0.5363128491620112 - herranz2013a - 1
0.5205479452054794 - akao1990b - 0
0.5177664974619289 - aurum2008a - 1",sciencedirect2015
160,Integrating software engineering theory and practice using essence: A case study,"0.5873015873015873 - boehm2003a - 0
0.5757575757575758 - garousi2015a - 1
0.5730994152046783 - begum2010a - 0
0.5730337078651685 - salo2005b - 0
0.5595238095238095 - napier2008a - 0",sciencedirect2015
161,Investigating the applicability of Agility assessment surveys: A case study,"0.5031446540880503 - becker2017a - 0
0.5031446540880503 - becker2017a - 0
0.49411764705882355 - jönsson2005c - 0
0.49333333333333335 - martínez2013a - 0
0.4897959183673469 - gorschek2004a - 0",sciencedirect2015
162,Investigations about replication of empirical studies in software engineering: A systematic mapping study,"0.591715976331361 - sjøberg2007a - 0
0.591715976331361 - seaman1999a - 0
0.5433526011560693 - dybå2008a - 1
0.5421686746987951 - saikkonen9999a - 0
0.5348837209302325 - wendler2012a - 1",sciencedirect2015
163,Key activities for product derivation in software product lines,"0.625 - vähäniitty2003b - 0
0.6095238095238096 - böckle2004a - 0
0.6065573770491803 - chastek2011a - 0
0.5960264900662252 - vähäniitty2003a - 0
0.5826771653543307 - chastek2009a - 0",sciencedirect2015
164,Knowledge-based approaches in software documentation: A systematic literature review,"0.6740331491712708 - vasconcellos2017a - 0
0.6740331491712708 - vasconcellos2017a - 0
0.6459627329192547 - lane2011a - 1
0.6127167630057804 - unterkalmsteiner2012a - 0
0.6119402985074627 - müller2012a - 0",sciencedirect2015
165,Mapping modern software process engineering techniques onto an HEP development environment,"0.5769230769230769 - west2010a - 0
0.5673758865248227 - bandinelli1993a - 0
0.5433526011560693 - cater2004a - 0
0.5419354838709678 - cattaneo2001a - 0
0.5413533834586466 - münch2012c - 0",sciencedirect2015
166,Measuring and predicting software productivity: A systematic map and review,"0.5806451612903226 - wang2005a - 0
0.5573770491803278 - brito2016a - 0
0.5526315789473685 - bayona2012a - 0
0.5454545454545454 - dybå2008a - 1
0.5428571428571428 - cattaneo2001a - 0",sciencedirect2015
167,Motivators of Software Process Improvement: an analysis of practitioners' views,"0.6538461538461539 - bayona2012a - 0
0.6467661691542289 - ngwenyama2003a - 0
0.6370370370370371 - mishra2009a - 0
0.6274509803921569 - iversen2004a - 0
0.6178861788617886 - haug2001a - 0",sciencedirect2015
168,On the reliability of mapping studies in software engineering,"0.656 - sjøberg2007a - 0
0.6451612903225806 - anders9999a - 0
0.6226415094339622 - janes2014b - 0
0.6213592233009708 - jedlitschka2013a - 0
0.6178861788617886 - rombach2012a - 0",sciencedirect2015
169,Open source software––an evaluation,"0.6410256410256411 - wong2002a - 0
0.5797101449275363 - linden2004a - 0
0.5365853658536586 - lindvall2003a - 0
0.5306122448979592 - gamalielsson2011a - 0
0.5294117647058824 - rico2010a - 0",sciencedirect2015
170,Performance Evaluation of Software Development Teams: a Practical Case Study,"0.6133333333333333 - verner2014b - 1
0.6129032258064516 - cederling1993a - 0
0.609375 - buse2012a - 0
0.5960264900662252 - martínez2013a - 0
0.5866666666666667 - hall2001a - 0",sciencedirect2015
171,Perturbation-based user-input-validation testing of web applications,"0.4838709677419355 - neu2002a - 0
0.46715328467153283 - becker2011a - 0
0.46715328467153283 - becker2011b - 0
0.46511627906976744 - nunn2016a - 0
0.4647887323943662 - lavazza2015b - 0",sciencedirect2015
172,portfolio decision-making in local governments: Rationality,"0.7329192546583851 - nielsen2014a - 1
0.5384615384615384 - orta2014a - 1
0.5 - debou1994a - 1
0.496 - ivarsson2012a - 0
0.4883720930232558 - orlov2007a - 0",sciencedirect2015
173,Post-agility: What follows a decade of agility?,"0.4578313253012048 - eisenhardt2000a - 0
0.4444444444444444 - martins2008a - 0
0.4444444444444444 - murakami2007a - 0
0.43243243243243246 - seaman1999a - 0
0.42 - arthur1993a - 0",sciencedirect2015
174,Potential and limitations of the ISBSG dataset in enhancing software engineering research: A mapping review,"0.5233644859813084 - petersen2013a - 0
0.5095541401273885 - mei2018a - 0
0.5063291139240507 - petersen2009b - 0
0.5029239766081871 - sjøberg2007a - 0
0.49473684210526314 - area1999a - 0",sciencedirect2015
175,Prioritizing Requirements in Agile Development: A Conceptual Framework,"0.5517241379310345 - martínez2013a - 0
0.5303030303030303 - duka2010a - 0
0.5228758169934641 - ebert1998a - 1
0.5217391304347826 - rayson1999b - 0
0.5079365079365079 - abdulameer2015a - 0",sciencedirect2015
176,QRP: A CMMI Appraisal Tool for Project Quality Management,"0.6238532110091743 - bubevski2014a - 0
0.6 - cmusei2011a - 0
0.5660377358490566 - wang2005c - 0
0.5585585585585585 - debou1994b - 0
0.543859649122807 - boldyreff1997a - 0",sciencedirect2015
177,Quantifying requirements volatility effects,"0.6021505376344086 - thakurta2015a - 0
0.5714285714285714 - bühne2005a - 0
0.5681818181818182 - rayson1999b - 0
0.5416666666666666 - rayson2000a - 0
0.5238095238095238 - davis2004a - 0",sciencedirect2015
178,Research synthesis in software engineering: A tertiary study,"0.660377358490566 - boehm2003a - 0
0.6229508196721312 - wohlin2000a - 0
0.6095238095238096 - janes2014b - 0
0.609375 - runeson2012a - 0
0.5918367346938775 - scacchi2001a - 0",sciencedirect2015
179,Results from introducing component-level test automation and Test-Driven Development,"0.5029940119760479 - kettunen2014a - 0
0.4888888888888889 - kasurinen2012a - 0
0.47619047619047616 - chrissis2007a - 0
0.47435897435897434 - bent2006a - 0
0.4720496894409938 - dadhich2012a - 0",sciencedirect2015
180,Software architecture awareness in long-term software product evolution,"0.6164383561643836 - ahmed2011a - 0
0.5333333333333333 - ferreira2013a - 0
0.5323741007194245 - solingen2003a - 0
0.5287356321839081 - hustad2014a - 1
0.5254237288135594 - eljabiri2001a - 0",sciencedirect2015
181,Software development risk and project performance measurement: Evidence in Korea,"0.5390070921985816 - dubinsky2009a - 0
0.5378151260504201 - thayer2005a - 0
0.5354330708661418 - basili1989a - 0
0.5352112676056338 - mcfall2003a - 0
0.524822695035461 - nudurupati2011a - 0",sciencedirect2015
182,Software engineering research for computer games: A systematic review,"0.5942028985507246 - paternoster2014a - 1
0.5751633986928104 - feldmann2003a - 0
0.562962962962963 - west2010a - 0
0.5609756097560976 - schramm2014a - 0
0.5546218487394958 - mei2018a - 0",sciencedirect2015
183,Software Process Improvement barriers: A cross-cultural comparison,"0.7394957983193278 - richardson2001a - 0
0.7049180327868853 - mishra2009a - 0
0.6610169491525424 - hunter2001a - 0
0.656934306569343 - beijun2008a - 0
0.6548672566371682 - humphrey1991a - 0",sciencedirect2015
184,Software process improvement in a financial organization: An action research approach,"0.7169811320754716 - iversen2004a - 0
0.7088607594936709 - lópez2012a - 0
0.6715328467153284 - hunter2001a - 0
0.5957446808510638 - mishra2009a - 0
0.5949367088607594 - debou1994a - 1",sciencedirect2015
185,Software process modeling languages: A systematic literature review,"0.6707317073170732 - rocha2013a - 0
0.6666666666666666 - lane2011a - 1
0.6538461538461539 - unterkalmsteiner2012a - 0
0.6463414634146342 - vasconcellos2017a - 0
0.6463414634146342 - vasconcellos2017a - 0",sciencedirect2015
186,Software process simulation modeling: Why? What? How?,"0.6486486486486487 - raffo2000a - 0
0.6185567010309279 - zhang2014a - 0
0.6 - kellner1989a - 0
0.5957446808510638 - finkelstein1994a - 0
0.5833333333333334 - münch2012c - 0",sciencedirect2015
187,SOLAR: Social Link Advanced Recommendation System,"0.49411764705882355 - doerr2013a - 0
0.4883720930232558 - kim2010a - 0
0.47706422018348627 - grünbacher2006a - 0
0.4742268041237113 - jenkins2012a - 0
0.4666666666666667 - finkelstein1994a - 0",sciencedirect2015
188,Test Governance Framework for contracted IS development: Ethnographically informed action research,"0.5714285714285714 - fernandes2005a - 0
0.5212765957446809 - oecd2004a - 0
0.5058823529411764 - pareto2012b - 0
0.5052631578947369 - oConnor2015a - 0
0.49032258064516127 - bacon2001a - 0",sciencedirect2015
189,The adjusted analogy-based software effort estimation based on similarity distances,"0.47297297297297297 - leba2012a - 0
0.4714285714285714 - ramil1998a - 0
0.4691358024691358 - barcellos2013a - 0
0.46835443037974683 - garzás2013a - 1
0.46715328467153283 - jaccheri2000a - 0",sciencedirect2015
190,The design and development of a computerized tool support for conducting senior projects in software engineering education,"0.5232067510548524 - veer2001a - 0
0.5087719298245614 - whitney1994a - 0
0.4976958525345622 - tüzün2015a - 1
0.4838709677419355 - sjøberg2007a - 0
0.4835164835164835 - basili1984a - 0",sciencedirect2015
191,The impact of global dispersion on coordination,"0.5504587155963303 - kamel2009a - 0
0.5365853658536586 - khalifa2016a - 0
0.5294117647058824 - nobre2008a - 1
0.5040650406504065 - przybylek2011a - 0
0.49523809523809526 - rombach2014a - 0",sciencedirect2015
192,The impact of software process improvement on quality: in theory and practice,"0.6533333333333333 - debou1994a - 1
0.6442953020134228 - gorschek2004a - 0
0.6428571428571429 - emam1997a - 0
0.6368715083798883 - kautz2004a - 0
0.6341463414634146 - rasidi2008a - 0",sciencedirect2015
193,The Interplay between Requirements Relationships Knowledge and Requirements Change towards Software Project Success: An Assessment Using Partial Least Square (PLS),"0.451063829787234 - canfora2002a - 0
0.4435483870967742 - cerdeiral2017a - 0
0.4338235294117647 - ali2015a - 0
0.42857142857142855 - kettunen2009a - 1
0.42677824267782427 - lott1993a - 0",sciencedirect2015
194,The lean gap: A review of lean approaches to large-scale software systems development,"0.5521472392638037 - dingsøyr2012a - 0
0.547486033519553 - pernstål2015a - 1
0.544 - beck2001a - 0
0.5405405405405406 - salo2007a - 0
0.5398773006134969 - ali2010a - 0",sciencedirect2015
195,The Process Enactment Tool Framework—Transformation of software process models to prepare enactment,"0.5833333333333334 - hinley1993a - 0
0.5714285714285714 - gong2005a - 0
0.5695364238410596 - visconti2002a - 0
0.5679012345679012 - ruiz2002a - 0
0.5660377358490566 - debou1995a - 0",sciencedirect2015
196,To what extent can maintenance problems be predicted by code smell detection? – An empirical study,"0.4883720930232558 - hall2001a - 0
0.4838709677419355 - napier2008a - 0
0.4745762711864407 - clarke2012a - 0
0.47435897435897434 - martinez2011a - 0
0.4539877300613497 - kuilboer2000a - 0",sciencedirect2015
197,Understanding the characteristics of quality for software engineering processes: A Grounded Theory investigation,"0.5524861878453039 - abrahamsson2000a - 0
0.5377358490566038 - dagnino2014a - 0
0.53125 - kauppinen2001a - 0
0.5297297297297298 - coleman2008a - 1
0.514018691588785 - kautz2004a - 0",sciencedirect2015
198,Understanding the effects of requirements volatility in software engineering by using analytical modeling and software process simulation,"0.540084388185654 - dagnino2014a - 0
0.515625 - mitrehernández2014a - 1
0.5 - jürisoo2017a - 0
0.5 - jürisoo2017a - 0
0.49411764705882355 - kautz2001a - 0",sciencedirect2015
199,Usage and usefulness of technical software documentation: An industrial case study,"0.5641025641025641 - amannejad2014a - 0
0.5549132947976878 - karlström2002a - 0
0.5462962962962963 - petersen2010a - 0
0.5384615384615384 - cederling1993a - 0
0.5256410256410257 - verner2014b - 1",sciencedirect2015
200,Using the GQM paradigm to investigate influential factors for software process improvement,"0.6438356164383562 - schalken2007a - 0
0.6368715083798883 - dyba2005a - 0
0.631578947368421 - muñoz2014a - 0
0.6143790849673203 - ruiz2002a - 0
0.6103896103896104 - cheng2009a - 0",sciencedirect2015
201,Brazilian public software: beyond sharing,"0.5641025641025641 - humphrey1995a - 0
0.525 - wirth2008a - 0
0.5121951219512195 - taipale2007a - 0
0.5116279069767442 - janes2014b - 0
0.49523809523809526 - weber2005a - 0",acm2015
202,"The agile practices impact model: idea, concept, and application scenario","0.49230769230769234 - boldyreff1997a - 0
0.48854961832061067 - rombach2014a - 0
0.48128342245989303 - khdair2009a - 0
0.48128342245989303 - khdair2009a - 0
0.4810126582278481 - sidky2007b - 0",acm2015
203,A pattern system of underlying theories for process improvement,"0.6548672566371682 - kreiner2016a - 0
0.6548672566371682 - barafort2011a - 0
0.6548672566371682 - riel2010b - 0
0.6527777777777778 - zawedde2014a - 0
0.6290322580645161 - schneider2000a - 0",acm2015
204,Managing ERP configuration variants: an experience report,"0.5490196078431373 - gou2008a - 0
0.5223880597014925 - vieira2009a - 0
0.4897959183673469 - hornbæk2008a - 0
0.48936170212765956 - couch2008a - 0
0.4883720930232558 - humphrey1989a - 0",acm2015
205,Using a functional size measurement procedure to evaluate the quality of models in MDD environments,"0.5247524752475248 - ahmad2016a - 0
0.4840764331210191 - domínguezmayo2012b - 0
0.48 - bandinelli1993a - 0
0.475 - latum1998a - 0
0.4692737430167598 - becker2012a - 0",acm2015
206,Value­based software engineering: reinventing,"0.8051948051948052 - biffl2006a - 0
0.8051948051948052 - boehm2003b - 0
0.7692307692307693 - boehm2003a - 0
0.7551020408163265 - boehm2006a - 0
0.7551020408163265 - boehm2005a - 0",acm2015
207,An approach to identify commonalities in web application engineering for a web content  management system,"0.5204081632653061 - herranz2013a - 0
0.49056603773584906 - gilb1988a - 0
0.47058823529411764 - jahangirian2011a - 0
0.4691358024691358 - boldyreff1997a - 0
0.4574468085106383 - waina2001a - 0",acm2015
208,Free/open source software development,"0.7017543859649122 - samios2015a - 0
0.6493506493506493 - beck2001a - 0
0.64 - gamalielsson2011a - 0
0.6341463414634146 - mandi?2010g - 0
0.6274509803921569 - ponisio2012a - 0",acm2015
209,Studying software organizations: in search of a method,"0.6299212598425197 - pries2003a - 0
0.6129032258064516 - arent2000a - 0
0.5631067961165048 - kautz2001b - 0
0.5555555555555556 - holz2004a - 0
0.5333333333333333 - kasurinen2012a - 0",acm2015
210,A software process engineering approach to improving software team productivity using  socioeconomic mechanism design,"0.5280898876404494 - guzmán9999a - 0
0.4861878453038674 - gorschek2006b - 0
0.47413793103448276 - kabaale2015a - 0
0.46987951807228917 - isoiec2007a - 0
0.46987951807228917 - wang2005a - 0",acm2015
211,A comprehensive product line scoping approach and its validation,"0.5416666666666666 - linden2007a - 0
0.5309734513274337 - martins2007a - 0
0.5233644859813084 - taxen2005a - 0
0.5094339622641509 - coallier2005a - 0
0.49523809523809526 - weiss1998a - 0",acm2015
212,Process­driven feature modeling for variability management of project environment configurations,"0.4945054945054945 - mohamed2015a - 0
0.49122807017543857 - martínez2013a - 0
0.49122807017543857 - tihinen2006a - 0
0.49101796407185627 - kautz2001c - 0
0.48520710059171596 - choi2014a - 0",acm2015
213,Introducing usability activities into open source software development projects: a participative  approach,"0.5497076023391813 - ponisio2012a - 0
0.5412844036697247 - faegri2010a - 0
0.5325443786982249 - heidrich2014a - 0
0.5257142857142857 - heidrich9999a - 0
0.5234375 - buglione2011a - 0",acm2015
214,Enablers and inhibitors for speed with reuse,"0.46511627906976744 - eisenhardt1989a - 0
0.4507042253521127 - wohlin2012f - 0
0.4482758620689655 - feldmann2000a - 0
0.44680851063829785 - müller2012a - 0
0.44660194174757284 - mandi?2010d - 0",acm2015
215,Consequences of business growth on software processes,"0.5783132530120482 - armbrust2009a - 0
0.5783132530120482 - florac1999b - 0
0.5686274509803921 - wangeheim2006a - 0
0.5652173913043478 - rombach1995a - 0
0.5609756097560976 - humphrey1989a - 0",acm2015
216,An empirical study on the utility of formal routines to transfer knowledge and experience,"0.5906040268456376 - basili1995b - 0
0.5153374233128835 - jönsson2008a - 0
0.5153374233128835 - jönsson2008a - 0
0.5153374233128835 - rovegård2008a - 0
0.4840764331210191 - mandi?2010c - 0",acm2015
217,Business impact of process improvements,"0.696969696969697 - glykas2014a - 0
0.6923076923076923 - grady1997b - 0
0.6753246753246753 - conradi2002a - 0
0.6739130434782609 - kuntzmann1995a - 0
0.6590909090909091 - solingen2004a - 0",acm2015
218,Capturing business benefits from process improvement: four fallacies and what to do about them,"0.5607476635514018 - trienekens2004a - 0
0.5482233502538071 - trienekens2005a - 0
0.5165562913907285 - boldyreff1997a - 0
0.5153374233128835 - liu2006a - 0
0.5146198830409356 - varkoi2001a - 0",acm2015
219,"Two's company, three's a crowd: a case study of crowdsourcing software development","0.5714285714285714 - ruan2007a - 0
0.5584415584415584 - li2017a - 0
0.5359477124183006 - ponisio2011a - 0
0.5170068027210885 - ponisio2012a - 0
0.5116279069767442 - petersen2011a - 0",acm2015
220,Towards global market­driven software development processes: an industrial case study,"0.6086956521739131 - samalikova2011a - 0
0.6027397260273972 - petersen2010a - 0
0.6010928961748634 - salo2005b - 0
0.5864661654135338 - cederling1993a - 0
0.5673758865248227 - staron2011a - 0",acm2015
221,Modeling business processes to generate artifacts for software development: a methodology,"0.5512820512820513 - basili2007a - 0
0.5394736842105263 - heidrich2014a - 0
0.5290322580645161 - kim2016a - 0
0.5276073619631901 - silva2015a - 0
0.5276073619631901 - j2008a - 0",acm2015
222,A multiple case study on the impact of pair programming on product quality,"0.6666666666666666 - przybylek2011a - 0
0.5891472868217055 - felderer2014a - 0
0.5103448275862069 - biffl2000a - 0
0.49645390070921985 - steen2007a - 0
0.49411764705882355 - pfahl2000a - 0",acm2015
223,Key processes to start software process improvement in small companies,"0.7375886524822695 - beijun2008a - 0
0.7162162162162162 - pino2010a - 0
0.7154471544715447 - richardson2001a - 0
0.7049180327868853 - razón2014b - 0
0.6962962962962963 - wangenheim2006a - 0",acm2015
224,Relating requirements and feature configurations: a systematic approach,"0.6212121212121212 - sommerville1998a - 0
0.5962732919254659 - bleistein2005a - 0
0.5838509316770186 - gans2003a - 0
0.5660377358490566 - toval2002a - 0
0.5277777777777778 - malik2010b - 0",acm2015
225,A process for driving the harmonization of models,"0.6086956521739131 - pardo2012a - 0
0.5918367346938775 - pino2009a - 0
0.5148514851485149 - hunter2001a - 0
0.5084745762711864 - thompson1993a - 0
0.5079365079365079 - mulazzani2009b - 0",acm2015
226,Joint implicit alignment work of interaction designers and software developers,"0.5433526011560693 - texel2015a - 0
0.5362318840579711 - mahanti2005a - 0
0.5170068027210885 - tyrväinen2015a - 0
0.5135135135135135 - aversano2016a - 0
0.5119047619047619 - krasteva2010a - 0",acm2015
227,Software process reflexivity and business performance: initial results from an empirical study,"0.5534591194968553 - kuilboer2000a - 0
0.5526315789473685 - martinez2011a - 0
0.5444444444444444 - debou2000a - 0
0.5443037974683544 - lohrmann2013a - 0
0.5357142857142857 - hall2001a - 0",acm2015
228,A multi­level framework for measuring and benchmarking public service organizations: connecting stage ­ of­ growth models and enterprise architecture,"0.46153846153846156 - hassanzadeh2011a - 0
0.44545454545454544 - birkhölzer2011a - 0
0.43776824034334766 - cugola1996a - 0
0.42201834862385323 - karlström2005a - 0
0.41237113402061853 - zowghi2010a - 0",acm2015
229,"Frontmatter (TOC, Letters, Election results, Software Reliability Resources, ICSE 2005)","0.4642857142857143 - rus1999b - 0
0.45714285714285713 - hongying2011a - 0
0.4519774011299435 - hansen2004a - 0
0.45121951219512196 - marcus2005a - 0
0.4457831325301205 - rus1999a - 0",acm2015
230,Developer experience: concept and definition,"0.5161290322580645 - hästbacka2013b - 0
0.5161290322580645 - hästbacka2013b - 0
0.4888888888888889 - drew1993a - 0
0.4878048780487805 - kotonya1992a - 0
0.48484848484848486 - jedlitschka2004a - 0",acm2015
231,Engineering a design method for web content management implementations,"0.5736434108527132 - chastek2011a - 0
0.544 - hather1996a - 0
0.532258064516129 - guinea2013a - 0
0.527027027027027 - pan2007a - 0
0.5234899328859061 - vezzetti2014a - 0",acm2015
232,Process­centered review of object oriented software development methodologies,"0.5633802816901409 - ponisio2012a - 0
0.5405405405405406 - ponisio2011a - 0
0.5393258426966292 - nilsson2015a - 0
0.5294117647058824 - han2012a - 0
0.5271317829457365 - buse2012a - 1",acm2015
233,The social context of broadband infrastructure sharing,"0.5454545454545454 - itil1989a - 0
0.5384615384615384 - cox2006a - 0
0.4878048780487805 - biró1999a - 0
0.4672897196261682 - ogc2002a - 0
0.46551724137931033 - baccarelli2007a - 0",acm2015
234,A methodology for exploring students' experiences and interaction with large­scale software  through role­play and phenomenography,"0.4672131147540984 - lainhart2000a - 0
0.46153846153846156 - nunn2016a - 0
0.4521072796934866 - vähäniitty2008a - 0
0.4507042253521127 - chouseinoglou2012a - 1
0.44761904761904764 - petersen2016a - 0",acm2015
235,Factors that affect software systems development project outcomes: A survey of research,"0.6 - clarke2012b - 0
0.5408805031446541 - li2006a - 0
0.5234899328859061 - duka2010a - 0
0.5205479452054794 - han2012a - 0
0.5149700598802395 - herbsleb1994b - 0",acm2015
236,Setting SPI practices in Latin America: an exploratory case study in the justice area,"0.4840764331210191 - olsina2011b - 0
0.46715328467153283 - savioja2007a - 0
0.4662576687116564 - el2001a - 0
0.46153846153846156 - martinez2011a - 0
0.452991452991453 - samtani2012a - 0",acm2015
237,Architectural task allocation in distributed environment: a traceability perspective,"0.4939759036144578 - wallace2014a - 0
0.49032258064516127 - ayala2012a - 0
0.47191011235955055 - weerd2010a - 0
0.4583333333333333 - lindqvist2016a - 0
0.45454545454545453 - christie1995a - 0",acm2015
238,Using software product lines to manage model families in model­driven engineering,"0.5818181818181818 - weerd2009a - 0
0.5147058823529411 - kroll2014a - 0
0.5072463768115942 - kellner1991a - 0
0.496551724137931 - weber2005a - 0
0.49557522123893805 - linden2007a - 0",acm2015
239,Automated support for process­aware definition and execution of measurement plans,"0.5365853658536586 - unch2012a - 0
0.532258064516129 - münch2012c - 0
0.5306122448979592 - ivarsson2012a - 0
0.5230769230769231 - leung2007a - 0
0.5098039215686274 - alloui2000a - 0",acm2015
240,"Applying ISO 9001: 2000, MPS.BR and CMMI to Achieve Software Process Maturity: BL  Informatica's Pathway","0.48554913294797686 - canfora2006a - 0
0.4782608695652174 - ferreira2008a - 0
0.4782608695652174 - baddoo2001a - 0
0.4691358024691358 - martinez2011a - 0
0.46808510638297873 - pino2009b - 0",acm2015
241,Towards an understanding of enabling process knowing in global software development: a casestudy,"0.631578947368421 - martínez2013a - 0
0.5647058823529412 - verner2014b - 0
0.5555555555555556 - cederling1993a - 0
0.5534591194968553 - salo2007a - 0
0.524822695035461 - mandi?2010g - 0",acm2015
242,Collaboration in Software Engineering: A Roadmap,"0.6727272727272727 - wohlin2000a - 0
0.6666666666666666 - jedlitschka2013a - 0
0.6464646464646465 - petersen2009b - 0
0.6451612903225806 - janes2014b - 0
0.6407766990291263 - wohlin2000b - 0",acm2015
243,A scalable goal­oriented approach to software variability recovery,"0.5826771653543307 - hinley1997a - 0
0.5826771653543307 - hinley1995a - 0
0.576271186440678 - bubevski2014a - 0
0.5689655172413793 - redzic2006a - 0
0.5535714285714286 - pulford1996b - 0",acm2015
244,"Cloud­based support for global software engineering: potentials, risks, and gaps","0.6015037593984962 - boehm2006a - 0
0.6015037593984962 - boehm2005a - 0
0.581081081081081 - runeson2012a - 0
0.5325443786982249 - lescher2011a - 0
0.5303030303030303 - garousi2015a - 0",acm2015
245,Team leaders' perceptions in the renewing of software production process,"0.5801526717557252 - chastek2011a - 0
0.5648854961832062 - han2012a - 0
0.5614035087719298 - becker1997b - 0
0.5548387096774193 - xu2015a - 0
0.55 - vähäniitty2003a - 0",acm2015
246,A case for the study of software management within a broad information technology curriculum,"0.6009852216748769 - sakul2017a - 0
0.5521472392638037 - beijun2008a - 0
0.5507246376811594 - calik2012a - 0
0.5213270142180095 - barafort2002a - 0
0.5205479452054794 - daskalaivtonakis1990a - 0",acm2015
247,Investigating a conceptual construct for software context,"0.544 - abrahamsson2001a - 0
0.5405405405405406 - monden2012a - 0
0.5309734513274337 - schalken2007a - 0
0.5289256198347108 - chastek2009a - 0
0.5185185185185185 - balbino2011a - 0",acm2015
248,A comparison of model­based and judgment­based release planning in incremental software projects,"0.5100671140939598 - bandinelli1995a - 0
0.48704663212435234 - galinac2009a - 0
0.47513812154696133 - choi2006a - 0
0.4720496894409938 - ponisio2012a - 0
0.47058823529411764 - sadabadi2016a - 0",acm2015
249,Industrial evaluation of the impact of quality­driven release planning,"0.5625 - colomo2012a - 0
0.5555555555555556 - lepmets2014b - 0
0.5079365079365079 - shewhart1939a - 0
0.5 - schmietendorf2001a - 0
0.4939759036144578 - pfahl2000a - 0",acm2015
250,Aggregation of experiences in experience factories into software patterns,"0.5238095238095238 - texel2015a - 0
0.5228758169934641 - petersen2016a - 0
0.5109489051094891 - seaman1999a - 0
0.5039370078740157 - danovaro2008a - 0
0.5034013605442177 - santos2011a - 0",acm2015
251,A software measurement task ontology,"0.6666666666666666 - card2003a - 0
0.6666666666666666 - daskalaivtonakis1990a - 0
0.6410256410256411 - offen1997a - 0
0.6292134831460674 - fenton2002a - 0
0.6197183098591549 - zuse1998a - 0",acm2015
252,Computing curricula 2001,"0.43636363636363634 - cmmi2005a - 0
0.4 - caputo1999a - 0
0.3888888888888889 - kautz2000c - 0
0.3870967741935484 - wohlin2012h - 0
0.37735849056603776 - basili1994a - 0",acm2015
253,Software process,"0.7272727272727273 - emam2001b - 0
0.7111111111111111 - humphrey1989a - 0
0.6956521739130435 - armbrust2009a - 0
0.6956521739130435 - florac1999b - 0
0.6274509803921569 - humphrey1988a - 0",acm2015
254,Amoeba: A methodology for modeling and evolving cross­organizational business processes,"0.5511811023622047 - el2010a - 0
0.5308641975308642 - caetano2005a - 0
0.5285714285714286 - bandinelli1995a - 0
0.5179856115107914 - türetken2007a - 0
0.5121951219512195 - zhang2010b - 0",acm2015
255,Process maturity and software quality: a field study,"0.6285714285714286 - shepperd1990a - 0
0.627906976744186 - murakami2007a - 0
0.6141732283464567 - martínez2013a - 0
0.6 - bubevski2016a - 0
0.5918367346938775 - kelemen2014a - 0",acm2015
256,Evaluating the value­added benefits of using requirements reuse metrics in ERP projects,"0.5774647887323944 - ellis2013b - 0
0.5694444444444444 - zawedde2016a - 0
0.5240641711229946 - raju2014a - 0
0.5240641711229946 - raju2014a - 0
0.5154639175257731 - daneva2001a - 0",acm2015
257,Situational maturity models as instrumental artifacts for organizational design,"0.4936708860759494 - zaijun2005a - 0
0.4892086330935252 - cmusei2010a - 0
0.48854961832061067 - hunter2001a - 0
0.48226950354609927 - bekkers2012a - 0
0.48044692737430167 - nyambegera2014a - 0",acm2015
258,Can collaborative tagging improve user feedback? a case study,"0.5 - jansson2011a - 0
0.49624060150375937 - gorschek2004a - 0
0.48598130841121495 - boehm2003a - 0
0.47368421052631576 - karlström2002a - 0
0.4727272727272727 - zyl2009a - 0",acm2015
259,Risk management of medical IT networks: an ISO/IEC 15504 compliant approach to assessment  against IEC 80001­1,"0.467005076142132 - mesquida2012a - 0
0.45614035087719296 - emam2001a - 0
0.45 - gans2003a - 0
0.4421052631578947 - lópez2016b - 0
0.43023255813953487 - isoiec1998e - 0",acm2015
260,"What works for whom, where, when, and why?: on the role of context in empirical software  engineering","0.5673076923076923 - petersen2013a - 0
0.56 - santos2011a - 0
0.4931506849315068 - janes2014b - 0
0.4868421052631579 - petersen2009b - 0
0.48484848484848486 - sjøberg2007a - 0",acm2015
261,Non­Functional Requirements for Distributable User Interfaces in Agile Processes,"0.5084745762711864 - racheva2010a - 0
0.49056603773584906 - garmus2001a - 0
0.4875 - haigh2010a - 0
0.4868421052631579 - bent2006a - 0
0.4785276073619632 - dybå2000a - 0",acm2015
262,The relationship of personality models and development tasks in software engineering,"0.5921787709497207 - tüzün2015a - 0
0.581081081081081 - sjøberg2007a - 0
0.5714285714285714 - karhu2009a - 0
0.5714285714285714 - helokunnas2002a - 0
0.5641025641025641 - armstrong2016a - 0",acm2015
263,Some observations on software quality,"0.6956521739130435 - oregan2002b - 0
0.6923076923076923 - taipale2007a - 0
0.6197183098591549 - murakami2007a - 0
0.6067415730337079 - shull2006a - 0
0.5757575757575758 - emam2005a - 0",acm2015
264,Semantic representation of context models: a framework for analyzing and understanding,"0.550561797752809 - goknil2011a - 0
0.4935064935064935 - asghari2012a - 0
0.49056603773584906 - pardo2013a - 0
0.4861878453038674 - tüzün2015a - 0
0.48148148148148145 - fontana2015a - 0",acm2015
265,Writing and Reading Software Documentation: How the development process may affect  understanding,"0.5256410256410257 - han2012a - 0
0.5113636363636364 - barcellos2013a - 0
0.5 - little2004a - 0
0.4971751412429379 - florac1997a - 0
0.4970414201183432 - li2006a - 0",acm2015
266,"""Figure out how to code with the hands of others"": recognizing cultural blind spots in global  software development","0.49019607843137253 - solingen2000b - 0
0.47342995169082125 - oConnor2015a - 1
0.4712041884816754 - fontana2015a - 0
0.4659090909090909 - kasurinen2013a - 0
0.45989304812834225 - cuadrado2010a - 0",acm2015
267,Optimizing IT process management,"0.711864406779661 - glykas2014a - 0
0.6764705882352942 - hammer2010a - 0
0.6666666666666666 - rosa2015a - 0
0.6410256410256411 - gimenes2008a - 0
0.6285714285714286 - conradi2002a - 0",acm2015
268,Free/open source software development: recent research results and emerging opportunities,"0.5789473684210527 - santos2009a - 0
0.5394736842105263 - gamalielsson2011a - 0
0.5303030303030303 - poppendieck2003a - 0
0.5303030303030303 - poppendieck2003b - 0
0.527027027027027 - avison1991b - 0",acm2015
269,On the use of machine­assisted knowledge discovery to analyze and reengineer measurement  frameworks,"0.4875 - alagarsamy2007a - 0
0.47953216374269003 - mendonça2000a - 0
0.44 - hamann2001a - 0
0.4371584699453552 - area1999a - 0
0.4371584699453552 - emam2001c - 0",acm2015
270,Balancing four factors in system development projects,"0.6206896551724138 - suscheck2010a - 0
0.592 - cedergren2014a - 0
0.5874125874125874 - krasteva2010a - 0
0.5739130434782609 - duka2010a - 0
0.5714285714285714 - avison1991b - 0",acm2015
271,"E­government: exploring the different dimensions of challenges, implementation, and success factors","0.46153846153846156 - albuquerque2009a - 0
0.4563758389261745 - lehtola2004a - 0
0.4484848484848485 - andersen2006a - 0
0.44565217391304346 - maltz2003a - 0
0.4433497536945813 - niazi2005b - 0",acm2015
272,Agile in India: challenges and lessons learned,"0.5333333333333333 - niebuhr2008a - 0
0.4878048780487805 - novais2018a - 0
0.4778761061946903 - ullah2013b - 0
0.4583333333333333 - shen2008a - 0
0.43859649122807015 - hollauer2017a - 0",acm2015
273,Migrating towards evolving software product lines: challenges of an SME in a core customer­ driven  industrial systems engineering context,"0.4954954954954955 - weerd2009a - 0
0.45112781954887216 - dybå2003b - 0
0.4380165289256198 - haghighatfar2013a - 0
0.4326530612244898 - trendowicz2009a - 0
0.4322033898305085 - salo2005b - 0",acm2015
274,SimPal: a design study on a framework for flexible safety­critical software development,"0.5655172413793104 - deshpande2012a - 0
0.5521472392638037 - fontana2015a - 0
0.5487804878048781 - fernandes2005a - 0
0.5379310344827586 - ruan2007a - 0
0.5308641975308642 - kettunen2010a - 0",acm2015
275,The public software ecosystem: exploratory survey,"0.5826771653543307 - el2001a - 0
0.5777777777777777 - caffery2004a - 0
0.49295774647887325 - lindgren2015b - 0
0.4883720930232558 - kim2010a - 0
0.4883720930232558 - basili1994e - 0",acm2015
276,In search of the sweet spot: agile open collaborative corporate software development,"0.5416666666666666 - mahanti2005a - 0
0.5384615384615384 - cuadrado2010a - 0
0.5384615384615384 - cuadrado2010a - 0
0.5287356321839081 - krasteva2010a - 0
0.52 - kim2016a - 0",acm2015
277,Assessing team performance from a socio­technical congruence perspective,"0.496551724137931 - coleman2008a - 0
0.4900662251655629 - liu2006b - 0
0.48520710059171596 - jaramillo2016a - 0
0.4742268041237113 - ngwenyama2003a - 0
0.464 - mirna2014a - 0",acm2015
278,Continuous software engineering and beyond: trends and challenges,"0.6206896551724138 - petersen2009b - 0
0.5864661654135338 - runeson2012a - 0
0.5576923076923077 - reed2000a - 0
0.5454545454545454 - monden2017a - 0
0.5423728813559322 - boehm2006a - 0",acm2015
279,Commitment development in software process improvement: critical misconceptions,"0.6493506493506493 - caivano2005a - 0
0.6440677966101694 - salo2005b - 0
0.6415094339622641 - baddoo2001a - 0
0.6405228758169934 - hall2001a - 0
0.6344827586206897 - komi2004a - 0",acm2015
280,Identifying the factors that influence task allocation in global software development: preliminary results,"0.6111111111111112 - verner2014b - 0
0.5443786982248521 - suscheck2010a - 0
0.5355191256830601 - dadhich2012a - 0
0.5280898876404494 - butt2008a - 0
0.5174129353233831 - texel2015a - 0",acm2015
281,People management in software industry: the key to success,"0.631578947368421 - kucza2001a - 0
0.5396825396825397 - mahanti2006a - 0
0.5378151260504201 - hinley1992a - 0
0.5287356321839081 - humphrey1989a - 0
0.5252525252525253 - caffery2004a - 0",acm2015
282,Surprise: user­controlled granular privacy and security for personal data in SmarterContext,"0.45977011494252873 - fernándezmedina2006a - 0
0.44025157232704404 - tagra2009a - 0
0.4266666666666667 - renals2014a - 0
0.425531914893617 - martins2007b - 0
0.425 - kundu2016a - 0",acm2015
283,Software reuse in agile development organizations: a conceptual management tool,"0.5966850828729282 - kettunen2009b - 0
0.5785123966942148 - unch2012a - 0
0.5694444444444444 - leba2012a - 0
0.5578231292517006 - karinsalo2004a - 0
0.5529411764705883 - ferreira2011a - 0",acm2015
284,The value of design rationale information,"0.5777777777777777 - prahalad1999a - 0
0.5544554455445545 - grünbacher2006a - 0
0.5454545454545454 - doerr2013a - 0
0.4864864864864865 - kaplan2005a - 0
0.48598130841121495 - lee2011a - 0",acm2015
285,Product derivation for solution­driven product line engineering,"0.5942028985507246 - ahmed2011a - 0
0.5806451612903226 - saikkonen9999a - 0
0.578125 - domínguezmayo2012a - 0
0.576271186440678 - wohlin2000b - 0
0.5569620253164557 - tüzün2015a - 0",acm2015
286,Assessing capability for justice information sharing,"0.5742574257425742 - prahalad1999a - 0
0.5321100917431193 - bacon2001a - 0
0.5263157894736842 - gairing2005a - 0
0.5252525252525253 - brito2016a - 0
0.5227272727272727 - doerr2013a - 0",acm2015
287,Introducing TDD on a free libre open source software project: a simulation experiment,"0.5256410256410257 - jensen2011a - 0
0.5170068027210885 - muñoz2014a - 0
0.5072463768115942 - lee2002a - 0
0.5 - dybå2000a - 0
0.4968944099378882 - samalikova2011a - 0",acm2015
